{"cameraMode":{"drawMode":0,"name":"Shaded","section":"Shading Mode"},"sceneLighting":true,"audioPlay":false,"sceneViewState":{"m_AlwaysRefresh":false,"showFog":true,"showSkybox":true,"showFlares":true,"showImageEffects":true,"showParticleSystems":true,"showVisualEffectGraphs":true,"m_FxEnabled":true},"in2DMode":false,"pivot":{"x":-1.682640790939331,"y":0.04017908498644829,"z":-0.002758115530014038},"rotation":{"x":-0.3185880482196808,"y":-0.3157919943332672,"z":0.11348678916692734,"w":-0.8865113258361816},"size":1.3822842836380005,"orthographic":true}